{"Validation Loss":0.7717492810100507,"Validation Accuracy":74.16,"_runtime":111.0046851,"Training Loss":0.676245676279068,"Step":6224,"_timestamp":1.740568034737263e+09,"Epoch":9,"_step":69,"_wandb":{"runtime":111}}