{"Training Loss":2.3097472381591797,"Validation Loss":2.3117931405450127,"_timestamp":1.740565321734712e+09,"_step":15,"Validation Accuracy":9.56,"_wandb":{"runtime":34},"Epoch":1,"_runtime":33.9683686,"Step":1449}