{"_step":69,"Epoch":9,"_timestamp":1.7405646522964785e+09,"_runtime":130.1408537,"Validation Accuracy":9.9,"Step":6224,"Training Loss":2.308287436962128,"Validation Loss":2.309988419721081,"_wandb":{"runtime":130}}