{"_step":69,"Step":6224,"_timestamp":1.7405660613678248e+09,"_runtime":130.4976396,"Validation Accuracy":74.23,"Training Loss":0.6425116881728172,"_wandb":{"runtime":130},"Validation Loss":0.7761249667519976,"Epoch":9}