{"Validation Loss":1.1495984712983394,"_runtime":137.7867289,"_timestamp":1.7405656071931927e+09,"_step":69,"Epoch":9,"Training Loss":0.23467246271669864,"_wandb":{"runtime":137},"Validation Accuracy":72.38,"Step":6224}